Consultas principales,Clics,Impresiones,CTR,Posición
pediatra soacha,17,253,6.72%,6.92
pediatras particulares en bogotá kennedy,14,167,8.38%,4.01
pediatra madrid cundinamarca,12,175,6.86%,3.91
pediatra kennedy,10,86,11.63%,3.73
pediatras a domicilio bogota,6,359,1.67%,11.64
pediatras a domicilio,6,142,4.23%,9.8
pediatra a domicilio bogota,5,337,1.48%,13.33
pediatra a domicilio particular bogotá,5,36,13.89%,9.5
pediatra mosquera,4,86,4.65%,7.52
pediatra a domicilio soacha,4,36,11.11%,5.47
pediatra facatativa,3,179,1.68%,8.12
pediatra a domicilio,2,568,0.35%,16.23
pediatra particular madrid cundinamarca,2,52,3.85%,3.73
pediatra particular soacha,2,52,3.85%,4.58
pediatras en madrid cundinamarca,2,40,5%,3.83
pediatras particulares en soacha,2,15,13.33%,3.67
jazmin prada,2,10,20%,5.7
pediatra bogota,1,172,0.58%,26.03
pediatras a domicilio en bogota,1,67,1.49%,15.91
pediatra fusagasuga,1,62,1.61%,5.56
pediatra en linea,1,56,1.79%,13.23
consulta pediatra particular bogotá precio,1,35,2.86%,11.74
cita pediatra particular bogotá,1,31,3.23%,11.45
pediatria a domicilio,1,29,3.45%,5.66
pediatría particular,1,14,7.14%,10.71
pediatras en casa,1,10,10%,10.3
pediatras en bogota,1,8,12.5%,11.88
pediatra a domicilio madrid,1,5,20%,4
pediatras soacha,1,5,20%,4.2
pediatra colina,1,4,25%,4.5
cuanto cuesta un pediatra particular,1,2,50%,6.5
pediatra sorriso,1,2,50%,10
blw jazmin,1,1,100%,10
pediatra online colombia,0,125,0%,49.06
pediatra particular 24 horas bogotá,0,121,0%,13.21
pediatras facatativa,0,85,0%,8.55
jazmin prada doctoralia,0,61,0%,2.21
pediatra cerca de mi ubicación,0,49,0%,7.86
consulta pediátrica online,0,47,0%,45.79
pediatria bogota,0,46,0%,13
pediatra a domicilio particular,0,46,0%,44.07
pediatra particular bogota,0,43,0%,19.23
pediatra,0,42,0%,10.6
pediatra particular,0,40,0%,10.97
consulta pediatrica,0,37,0%,58.65
pediatra particular a domicilio,0,36,0%,11.39
pediatra en casa,0,35,0%,4.91
pediatra a domicilio medellin,0,33,0%,51.15
medico pediatra a domicilio,0,30,0%,24.07
pediatra bogotá,0,26,0%,18.35
pediatra online,0,21,0%,10.38
asesoria pediatrica,0,21,0%,64.14
pediatras bogota,0,20,0%,18.4
pediatria particular bogota,0,20,0%,25.8
pediatra integrativa bogota,0,18,0%,30.28
pediatra particular cerca de mi,0,17,0%,10
pediatra domicilio,0,17,0%,10.12
pediatras particulares en bogotá,0,17,0%,11.12
consulta domiciliaria pediatra,0,16,0%,43.25
pediatria facatativa,0,14,0%,9.36
pediatra en bogota,0,14,0%,15.14
medico pediatra particular bogota,0,14,0%,48.21
pediatras cerca de mi ubicación,0,13,0%,9.08
pediatras cerca de mi,0,13,0%,10.69
pediatras en linea,0,11,0%,7.27
pediatra bosa,0,10,0%,4.8
citas pediatra particular bogotá,0,10,0%,5.3
pediatra en casa bogota,0,9,0%,7.33
pediatras en bogotá a domicilio,0,9,0%,11.33
consulta pediatria en linea,0,9,0%,61
pediatras,0,8,0%,9.12
pediatra particular bogotá sur,0,8,0%,11.5
pediatras particulares,0,7,0%,6.86
pediatra 24 horas cerca de mi ubicación,0,7,0%,8
pediatra virtual,0,7,0%,10.86
pediatra cerca de mí,0,7,0%,14
cuanto cuesta una consulta con un pediatra en colombia,0,7,0%,40
atencion pediatrica a domicilio,0,6,0%,5.83
cita pediatra particular,0,6,0%,13.17
pediatra en linea gratis,0,6,0%,57.5
alergias en niños ronchas,0,6,0%,66
pediatra particular 24 horas,0,5,0%,43
salud escolar,0,5,0%,44.6
pediatras en colombia,0,5,0%,78.4
control y seguimiento de citas con el pediatra,0,4,0%,7.5
pediatra cerca,0,4,0%,8.5
pediatra en línea,0,4,0%,8.75
pediatra cerca de mi,0,4,0%,9.25
pediatra particular mosquera cundinamarca,0,4,0%,10
pediatra a domicilio 24 horas,0,4,0%,29.75
servicios pediátricos 24/7,0,4,0%,57.25
pediatra domicilio bogota,0,3,0%,1
pediatra pontevedra,0,3,0%,1.33
pediatras en mosquera cundinamarca,0,3,0%,2.67
pediatra santa barbara,0,3,0%,4.67
pediatras particulares cerca de mi,0,3,0%,7.67
medico pediatra particular,0,3,0%,9.33
citas pediatra particular,0,3,0%,10
perimetro cefalico bebe de 1 mes,0,3,0%,10
consulta con pediatra precio,0,3,0%,11
pediatra a casa,0,3,0%,11
médico pediatra particular,0,3,0%,11.33
consulta pediatra,0,3,0%,12.33
consulta pediatrica a domicilio,0,3,0%,12.33
pediatras en bogotá,0,3,0%,19.67
pediatra girardot,0,3,0%,33
pediatras domicilio,0,3,0%,43.33
médico pediatra,0,3,0%,54.33
amigdalitis imagenes,0,3,0%,64
pediatras cerca,0,2,0%,3
consulta de pediatra precio,0,2,0%,4.5
doctor salitre,0,2,0%,4.5
hablar con un pediatra,0,2,0%,5
pediatra dra jazmin prada opiniones,0,2,0%,5
pediatra near me,0,2,0%,5.5
medico pediatra,0,2,0%,6
cuanto vale una consulta con pediatra particular,0,2,0%,7
consultas pediátricas,0,2,0%,8
pediatra on line,0,2,0%,8.5
consulta pediatra online,0,2,0%,9.5
cuanto cuesta una consulta con un pediatra para un bebé,0,2,0%,9.5
medicos pediatras cerca de mi,0,2,0%,9.5
pediatra en madrid,0,2,0%,9.5
mis pediatras,0,2,0%,10
pediatra consulta,0,2,0%,10
pediatras bogota particular,0,2,0%,11
médico pediatra cerca de mi,0,2,0%,12
servicio de pediatria a domicilio,0,2,0%,12
pediatras cerca de mí,0,2,0%,13.5
pediatras en línea,0,2,0%,14
consulta medico pediatra,0,2,0%,15
pediatra online gratis 24 horas,0,2,0%,25.5
que vale una consulta con el pediatra,0,2,0%,41
fiebre persistente en niños,0,2,0%,53
pediatria online,0,2,0%,54.5
urticaria en bebes,0,2,0%,69.5
baby dr,0,1,0%,1
ciudad montes,0,1,0%,1
pediatra con bebe,0,1,0%,1
pediatra de cabecera,0,1,0%,1
pediatras en el olaya,0,1,0%,1
si,0,1,0%,1
teen paine,0,1,0%,1
alergólogo pediatra,0,1,0%,2
bogotá,0,1,0%,2
normandia pediatra,0,1,0%,2
pediatra privado,0,1,0%,2
pediatras en madrid,0,1,0%,2
citas para bebés,0,1,0%,3
pediatra cerca de mí que hablen español,0,1,0%,3
kennedy,0,1,0%,4
pediatra privado cerca de mi,0,1,0%,4
pediatria particular,0,1,0%,4
roma kennedy,0,1,0%,4
medico pediatra cerca de mi,0,1,0%,5
pediatea,0,1,0%,6
tos,0,1,0%,6
cuánto cuesta una consulta pediátrica,0,1,0%,7
pediatra para niños cerca de mi,0,1,0%,7
pediatras cerca de mi ubicación abierto ahora,0,1,0%,7
pediatras en,0,1,0%,7
especialistas en bebes,0,1,0%,8
pediatra consulta precio,0,1,0%,8
pediatra en consulta,0,1,0%,8
pediatra precio consulta,0,1,0%,8
pediatta,0,1,0%,8
pedriatas,0,1,0%,8
perimetro cefalico bebe 1 mes,0,1,0%,8
perimetro cefalico bebe de 2 meses,0,1,0%,8
cita con pediatra particular,0,1,0%,9
consulta un pediatra,0,1,0%,9
crecimiento cefalico en bebes,0,1,0%,9
cuánto cuesta una consulta de pediatra,0,1,0%,9
médicos pediatras cerca de mi,0,1,0%,9
pediatra william niño consultorio privado soacha,0,1,0%,9
peditra,0,1,0%,9
pedriata,0,1,0%,9
cita de pediatria particular,0,1,0%,10
consultorio de pediatría,0,1,0%,10
pediatras serca de mi,0,1,0%,10
perimetro cefalico bebe de 6 meses,0,1,0%,10
perimetro cefalico de un bebe de 2 meses,0,1,0%,10
valor de consulta pediatra particular,0,1,0%,10
citas pediatra,0,1,0%,11
jazmín prada,0,1,0%,11
pediatras a domicilio madrid,0,1,0%,11
perimetro cefalico bebe 2 meses,0,1,0%,11
consulta pediátrica particular,0,1,0%,12
doctora pediatra,0,1,0%,12
mi pediatra,0,1,0%,12
pediatra emergencia cerca de mi,0,1,0%,12
pediatra serca de mi,0,1,0%,12
pedriatra,0,1,0%,12
ami,0,1,0%,13
cuanto cuesta una consulta pediatrica,0,1,0%,13
numero pediatra,0,1,0%,13
consulta pediatrica online,0,1,0%,17
perimetro cefalico bebe,0,1,0%,19
perimetro cefalico recien nacido,0,1,0%,23
loncheras infantiles,0,1,0%,24
cual es el perimetro cefalico,0,1,0%,26
perímetro cefalico al nacer,0,1,0%,28
guia alimentacion escolar,0,1,0%,29
asesora de lactancia bogota,0,1,0%,30
consulta pediatria,0,1,0%,30
jazmin.colo,0,1,0%,34
jazmin luz,0,1,0%,35
camila claros,0,1,0%,36
escolares loncheras saludables para niños,0,1,0%,44
tus pediatras,0,1,0%,44
tu pediatra en casa,0,1,0%,45
tatiana prada,0,1,0%,47
alarma domicilio,0,1,0%,50
curvas de crecimiento y desarrollo,0,1,0%,56
mal aliento en ninos,0,1,0%,59
dolor de garganta bebe 2 años,0,1,0%,60
pediatra 24 horas,0,1,0%,60
alergia huevo bebe sintomas,0,1,0%,63
lonchera,0,1,0%,64
mal aliento en niños,0,1,0%,64
meriendas saludables,0,1,0%,72
vacuna 2 meses bebe,0,1,0%,73
alergia al huevo en bebes,0,1,0%,74
amigdalitis,0,1,0%,89
imagenes de amigdalitis,0,1,0%,92
alergias en los niños,0,1,0%,94